{"value": 0.7247827635884856, "_timestamp": 1716041409.3958113, "_runtime": 0.651226282119751, "_step": 9, "_wandb": {"runtime": 0}}